ID University,University,ID Year,Completions
118912,MiraCosta College,2019,7
122977,Santa Monica College,2019,19
121619,Santa Ana College,2019,9
247834,Collin County Community College District,2019,32
114716,Foothill College,2019,52
485111,Georgia Military College,2019,37
109819,Bakersfield College,2019,17
118976,Modesto Junior College,2019,28
229355,Tyler Junior College,2019,6
235103,Edmonds Community College,2019,4
236753,Tacoma Community College,2019,14
126289,Arapahoe Community College,2019,0
234696,Bellingham Technical College,2019,0
170620,Lake Michigan College,2019,1
182564,Western Nevada College,2019,0
204802,Ohio University-Eastern Campus,2019,0
204820,Ohio University-Chillicothe Campus,2019,0
204839,Ohio University-Southern Campus,2019,0
204848,Ohio University-Lancaster Campus,2019,0
230597,Snow College,2019,0
234669,Bellevue College,2019,14
235699,Lake Washington Institute of Technology,2019,1
236638,Skagit Valley College,2019,4
237109,Yakima Valley College,2019,3
409315,South Texas College,2019,48
230171,Dixie State University,2019,15
237686,West Virginia University at Parkersburg,2019,6
128328,United States Air Force Academy,2019,34
164155,United States Naval Academy,2019,44
174251,University of Minnesota-Morris,2019,27
199111,University of North Carolina at Asheville,2019,30
215284,University of Pittsburgh-Johnstown,2019,35
233897,The University of Virginia's College at Wise,2019,11
234085,Virginia Military Institute,2019,27
237899,West Virginia State University,2019,9
161226,University of Maine at Farmington,2019,6
170639,Lake Superior State University,2019,9
180416,Montana Technological University,2019,10
190646,CUNY Medgar Evers College,2019,16
190655,CUNY New York City College of Technology,2019,54
190691,CUNY York College,2019,35
196042,Farmingdale State College,2019,0
201690,Central State University,2019,6
214591,Pennsylvania State University-Penn State Erie-Behrend College,2019,20
243115,University of Puerto Rico-Arecibo,2019,25
104151,Arizona State University-Tempe,2019,676
104179,University of Arizona,2019,192
106397,University of Arkansas,2019,92
110635,University of California-Berkeley,2019,763
110644,University of California-Davis,2019,385
110653,University of California-Irvine,2019,661
110662,University of California-Los Angeles,2019,423
110671,University of California-Riverside,2019,194
110680,University of California-San Diego,2019,704
110705,University of California-Santa Barbara,2019,167
110714,University of California-Santa Cruz,2019,607
126614,University of Colorado Boulder,2019,432
129020,University of Connecticut,2019,75
137351,University of South Florida-Main Campus,2019,30
139755,Georgia Institute of Technology-Main Campus,2019,158
139940,Georgia State University,2019,283
139959,University of Georgia,2019,295
141574,University of Hawaii at Manoa,2019,70
145600,University of Illinois at Chicago,2019,430
145637,University of Illinois at Urbana-Champaign,2019,676
151351,Indiana University-Bloomington,2019,239
153603,Iowa State University,2019,128
159391,Louisiana State University and Agricultural & Mechanical College,2019,129
163286,University of Maryland-College Park,2019,737
166629,University of Massachusetts-Amherst,2019,497
174066,University of Minnesota-Twin Cities,2019,512
187985,University of New Mexico-Main Campus,2019,0
190576,CUNY Graduate School and University Center,2019,20
196088,University at Buffalo,2019,232
199120,University of North Carolina at Chapel Hill,2019,342
199193,North Carolina State University at Raleigh,2019,498
207500,University of Oklahoma-Norman Campus,2019,135
209542,Oregon State University,2019,765
214777,Pennsylvania State University-Main Campus,2019,46
215293,University of Pittsburgh-Pittsburgh Campus,2019,232
218663,University of South Carolina-Columbia,2019,19
221759,The University of Tennessee-Knoxville,2019,102
228723,Texas A & M University-College Station,2019,330
228769,The University of Texas at Arlington,2019,127
230764,University of Utah,2019,229
232186,George Mason University,2019,13
236939,Washington State University,2019,191
236948,University of Washington-Seattle Campus,2019,381
238032,West Virginia University,2019,69
240444,University of Wisconsin-Madison,2019,0
240453,University of Wisconsin-Milwaukee,2019,86
243780,Purdue University-Main Campus,2019,507
102094,University of South Alabama,2019,22
102614,University of Alaska Fairbanks,2019,10
105330,Northern Arizona University,2019,45
119678,Naval Postgraduate School,2019,40
122409,San Diego State University,2019,273
126775,Colorado School of Mines,2019,129
142285,University of Idaho,2019,44
145813,Illinois State University,2019,57
147703,Northern Illinois University,2019,222
149222,Southern Illinois University-Carbondale,2019,74
150136,Ball State University,2019,3
151111,Indiana University-Purdue University-Indianapolis,2019,72
156125,Wichita State University,2019,57
159939,University of New Orleans,2019,62
160658,University of Louisiana at Lafayette,2019,85
161253,University of Maine,2019,17
163268,University of Maryland-Baltimore County,2019,273
166513,University of Massachusetts-Lowell,2019,188
166638,University of Massachusetts-Boston,2019,54
167987,University of Massachusetts-Dartmouth,2019,3
169248,Central Michigan University,2019,46
171128,Michigan Technological University,2019,72
172699,Western Michigan University,2019,74
175856,Jackson State University,2019,2
178402,University of Missouri-Kansas City,2019,187
178411,Missouri University of Science and Technology,2019,5
178420,University of Missouri-St Louis,2019,86
180461,Montana State University,2019,97
180489,The University of Montana,2019,26
182281,University of Nevada-Las Vegas,2019,119
185828,New Jersey Institute of Technology,2019,4
196079,Binghamton University,2019,253
198464,East Carolina University,2019,60
199102,North Carolina A & T State University,2019,53
199139,University of North Carolina at Charlotte,2019,636
199148,University of North Carolina at Greensboro,2019,78
200280,University of North Dakota,2019,8
200332,North Dakota State University-Main Campus,2019,92
200800,University of Akron Main Campus,2019,15
202134,Cleveland State University,2019,31
203517,Kent State University at Kent,2019,138
204857,Ohio University-Main Campus,2019,50
209807,Portland State University,2019,229
220862,University of Memphis,2019,63
228459,Texas State University,2019,261
228796,The University of Texas at El Paso,2019,2
229027,The University of Texas at San Antonio,2019,9
231174,University of Vermont,2019,98
231624,William & Mary,2019,60
240727,University of Wyoming,2019,50
243221,University of Puerto Rico-Rio Piedras,2019,25
110556,California State University-Fresno,2019,67
110565,California State University-Fullerton,2019,329
122597,San Francisco State University,2019,237
138354,The University of West Florida,2019,2
139931,Georgia Southern University,2019,4
141334,University of West Georgia,2019,12
142115,Boise State University,2019,115
142276,Idaho State University,2019,24
151324,Indiana State University,2019,25
159647,Louisiana Tech University,2019,71
159993,University of Louisiana at Monroe,2019,24
169798,Eastern Michigan University,2019,32
181394,University of Nebraska at Omaha,2019,97
184782,Rowan University,2019,21
200697,Air Force Institute of Technology-Graduate School of Engineering & Management,2019,11
220978,Middle Tennessee State University,2019,84
221838,Tennessee State University,2019,37
221847,Tennessee Technological University,2019,97
226091,Lamar University,2019,44
227368,The University of Texas Rio Grande Valley,2019,89
229063,Texas Southern University,2019,10
483124,Arizona State University-Skysong,2019,0
486840,Kennesaw State University,2019,295
100830,Auburn University at Montgomery,2019,3
106704,University of Central Arkansas,2019,10
110422,California Polytechnic State University-San Luis Obispo,2019,196
110486,California State University-Bakersfield,2019,53
110495,California State University-Stanislaus,2019,43
110510,California State University-San Bernardino,2019,84
110529,California State Polytechnic University-Pomona,2019,210
110538,California State University-Chico,2019,53
110547,California State University-Dominguez Hills,2019,61
110574,California State University-East Bay,2019,205
110583,California State University-Long Beach,2019,270
110592,California State University-Los Angeles,2019,183
110608,California State University-Northridge,2019,144
110617,California State University-Sacramento,2019,276
122755,San Jose State University,2019,271
123572,Sonoma State University,2019,60
126580,University of Colorado Colorado Springs,2019,63
139861,Georgia College & State University,2019,25
144892,Eastern Illinois University,2019,2
145336,Governors State University,2019,76
147776,Northeastern Illinois University,2019,116
148654,University of Illinois at Springfield,2019,272
149231,Southern Illinois University-Edwardsville,2019,74
151102,Purdue University Fort Wayne,2019,45
151306,University of Southern Indiana,2019,34
151379,Indiana University-Southeast,2019,25
154095,University of Northern Iowa,2019,57
157401,Murray State University,2019,27
157447,Northern Kentucky University,2019,8
159009,Grambling State University,2019,9
159717,McNeese State University,2019,20
160612,Southeastern Louisiana University,2019,26
160621,Southern University and A & M College,2019,46
161554,University of Southern Maine,2019,16
162584,Frostburg State University,2019,34
164076,Towson University,2019,174
165024,Bridgewater State University,2019,36
165820,Fitchburg State University,2019,47
167729,Salem State University,2019,35
171146,University of Michigan-Flint,2019,21
173920,Minnesota State University-Mankato,2019,0
174020,Metropolitan State University,2019,92
174233,University of Minnesota-Duluth,2019,98
174783,Saint Cloud State University,2019,57
176965,University of Central Missouri,2019,212
178624,Northwest Missouri State University,2019,98
179566,Missouri State University-Springfield,2019,113
183080,Plymouth State University,2019,11
190549,CUNY Brooklyn College,2019,19
190558,College of Staten Island CUNY,2019,67
190567,CUNY City College,2019,91
190594,CUNY Hunter College,2019,100
190600,CUNY John Jay College of Criminal Justice,2019,0
190637,CUNY Lehman College,2019,85
190664,CUNY Queens College,2019,249
197869,Appalachian State University,2019,90
199218,University of North Carolina Wilmington,2019,70
199281,University of North Carolina at Pembroke,2019,14
200004,Western Carolina University,2019,25
206695,Youngstown State University,2019,13
207263,Northeastern State University,2019,37
207865,Southwestern Oklahoma State University,2019,5
211158,Bloomsburg University of Pennsylvania,2019,22
213349,Kutztown University of Pennsylvania,2019,5
217420,Rhode Island College,2019,32
217819,College of Charleston,2019,18
217864,Citadel Military College of South Carolina,2019,2
219602,Austin Peay State University,2019,12
221740,The University of Tennessee-Chattanooga,2019,50
225414,University of Houston-Clear Lake,2019,123
225502,University of Houston-Victoria,2019,6
228529,Tarleton State University,2019,13
229814,West Texas A & M University,2019,19
230603,Southern Utah University,2019,9
230782,Weber State University,2019,224
233277,Radford University,2019,65
234827,Central Washington University,2019,52
240189,University of Wisconsin-Whitewater,2019,7
377555,University of Washington-Bothell Campus,2019,230
377564,University of Washington-Tacoma Campus,2019,0
490805,Purdue University Northwest,2019,28
100724,Alabama State University,2019,10
115755,Humboldt State University,2019,38
127565,Metropolitan State University of Denver,2019,69
130934,Delaware State University,2019,9
139311,Clayton  State University,2019,14
139764,Georgia Southwestern State University,2019,14
144005,Chicago State University,2019,51
151342,Indiana University-South Bend,2019,13
151360,Indiana University-Northwest,2019,20
159416,Louisiana State University-Shreveport,2019,23
168263,Westfield State University,2019,11
174358,Minnesota State University Moorhead,2019,23
175078,Southwest Minnesota State University,2019,15
175272,Winona State University,2019,54
178615,Truman State University,2019,43
196200,SUNY College at Potsdam,2019,11
198543,Fayetteville State University,2019,20
199999,Winston-Salem State University,2019,16
206914,Cameron University,2019,22
221768,The University of Tennessee-Martin,2019,9
232566,Longwood University,2019,17
234155,Virginia State University,2019,19
240471,University of Wisconsin-River Falls,2019,10
240754,University of Guam,2019,18
243197,University of Puerto Rico-Mayaguez,2019,20
366711,California State University-San Marcos,2019,134
409698,California State University-Monterey Bay,2019,162
131399,University of the District of Columbia,2019,19
141565,University of Hawaii at Hilo,2019,11
162283,Coppin State University,2019,8
173124,Bemidji State University,2019,11
187967,New Mexico Institute of Mining and Technology,2019,37
198507,Elizabeth City State University,2019,12
230737,Utah Valley University,2019,95
230913,Northern Vermont University,2019,1
231712,Christopher Newport University,2019,56
240277,University of Wisconsin-Green Bay,2019,28
243665,University of the Virgin Islands,2019,9
441937,California State University-Channel Islands,2019,65
459949,Texas A&M University-San Antonio,2019,7
487296,University of Arizona-Sierra Vista,2019,4
204866,Ohio University-Zanesville Campus,2019,0
187596,Navajo Technical University,2019,0
200086,Nueta Hidatsa Sahnish College,2019,0
219374,Sinte Gleska University,2019,0
118912,MiraCosta College,2018,5
122977,Santa Monica College,2018,17
121619,Santa Ana College,2018,7
247834,Collin County Community College District,2018,33
114716,Foothill College,2018,42
485111,Georgia Military College,2018,25
109819,Bakersfield College,2018,16
118976,Modesto Junior College,2018,22
229355,Tyler Junior College,2018,9
236753,Tacoma Community College,2018,7
126289,Arapahoe Community College,2018,0
234696,Bellingham Technical College,2018,1
182564,Western Nevada College,2018,0
230597,Snow College,2018,0
236638,Skagit Valley College,2018,1
237109,Yakima Valley College,2018,2
409315,South Texas College,2018,61
230171,Dixie State University,2018,7
237686,West Virginia University at Parkersburg,2018,9
128328,United States Air Force Academy,2018,18
164155,United States Naval Academy,2018,46
174251,University of Minnesota-Morris,2018,22
199111,University of North Carolina at Asheville,2018,25
215284,University of Pittsburgh-Johnstown,2018,29
233897,The University of Virginia's College at Wise,2018,11
234085,Virginia Military Institute,2018,22
237899,West Virginia State University,2018,7
161226,University of Maine at Farmington,2018,1
170639,Lake Superior State University,2018,11
180416,Montana Technological University,2018,5
190646,CUNY Medgar Evers College,2018,15
190655,CUNY New York City College of Technology,2018,48
190691,CUNY York College,2018,49
201690,Central State University,2018,7
214591,Pennsylvania State University-Penn State Erie-Behrend College,2018,17
243115,University of Puerto Rico-Arecibo,2018,28
104151,Arizona State University-Tempe,2018,651
104179,University of Arizona,2018,229
106397,University of Arkansas,2018,48
110635,University of California-Berkeley,2018,657
110644,University of California-Davis,2018,383
110653,University of California-Irvine,2018,608
110662,University of California-Los Angeles,2018,344
110671,University of California-Riverside,2018,181
110680,University of California-San Diego,2018,811
110705,University of California-Santa Barbara,2018,177
110714,University of California-Santa Cruz,2018,552
126614,University of Colorado Boulder,2018,373
129020,University of Connecticut,2018,73
137351,University of South Florida-Main Campus,2018,50
139755,Georgia Institute of Technology-Main Campus,2018,156
139940,Georgia State University,2018,286
139959,University of Georgia,2018,225
141574,University of Hawaii at Manoa,2018,59
145600,University of Illinois at Chicago,2018,205
145637,University of Illinois at Urbana-Champaign,2018,589
151351,Indiana University-Bloomington,2018,276
153603,Iowa State University,2018,136
159391,Louisiana State University and Agricultural & Mechanical College,2018,126
163286,University of Maryland-College Park,2018,0
166629,University of Massachusetts-Amherst,2018,368
174066,University of Minnesota-Twin Cities,2018,428
187985,University of New Mexico-Main Campus,2018,1
190576,CUNY Graduate School and University Center,2018,27
196088,University at Buffalo,2018,181
199120,University of North Carolina at Chapel Hill,2018,281
199193,North Carolina State University at Raleigh,2018,501
207500,University of Oklahoma-Norman Campus,2018,90
209542,Oregon State University,2018,633
214777,Pennsylvania State University-Main Campus,2018,44
215293,University of Pittsburgh-Pittsburgh Campus,2018,183
218663,University of South Carolina-Columbia,2018,6
221759,The University of Tennessee-Knoxville,2018,106
228723,Texas A & M University-College Station,2018,272
228769,The University of Texas at Arlington,2018,99
230764,University of Utah,2018,200
232186,George Mason University,2018,18
236939,Washington State University,2018,152
236948,University of Washington-Seattle Campus,2018,289
238032,West Virginia University,2018,55
240444,University of Wisconsin-Madison,2018,62
240453,University of Wisconsin-Milwaukee,2018,68
243780,Purdue University-Main Campus,2018,417
102094,University of South Alabama,2018,26
102614,University of Alaska Fairbanks,2018,2
105330,Northern Arizona University,2018,51
119678,Naval Postgraduate School,2018,34
122409,San Diego State University,2018,241
126775,Colorado School of Mines,2018,105
142285,University of Idaho,2018,44
145813,Illinois State University,2018,41
147703,Northern Illinois University,2018,234
149222,Southern Illinois University-Carbondale,2018,91
150136,Ball State University,2018,1
151111,Indiana University-Purdue University-Indianapolis,2018,78
156125,Wichita State University,2018,64
159939,University of New Orleans,2018,69
160658,University of Louisiana at Lafayette,2018,77
161253,University of Maine,2018,31
163268,University of Maryland-Baltimore County,2018,225
166513,University of Massachusetts-Lowell,2018,177
166638,University of Massachusetts-Boston,2018,61
167987,University of Massachusetts-Dartmouth,2018,2
169248,Central Michigan University,2018,67
171128,Michigan Technological University,2018,71
172699,Western Michigan University,2018,69
175856,Jackson State University,2018,0
178402,University of Missouri-Kansas City,2018,228
178411,Missouri University of Science and Technology,2018,3
178420,University of Missouri-St Louis,2018,94
180461,Montana State University,2018,76
182281,University of Nevada-Las Vegas,2018,109
182290,University of Nevada-Reno,2018,4
185828,New Jersey Institute of Technology,2018,5
196079,Binghamton University,2018,278
198464,East Carolina University,2018,51
199102,North Carolina A & T State University,2018,61
199139,University of North Carolina at Charlotte,2018,624
199148,University of North Carolina at Greensboro,2018,80
200280,University of North Dakota,2018,4
200332,North Dakota State University-Main Campus,2018,88
200800,University of Akron Main Campus,2018,22
202134,Cleveland State University,2018,6
203517,Kent State University at Kent,2018,143
204857,Ohio University-Main Campus,2018,44
209807,Portland State University,2018,151
220862,University of Memphis,2018,53
228459,Texas State University,2018,245
228796,The University of Texas at El Paso,2018,1
229027,The University of Texas at San Antonio,2018,10
231174,University of Vermont,2018,78
231624,William & Mary,2018,81
240727,University of Wyoming,2018,35
243221,University of Puerto Rico-Rio Piedras,2018,11
110556,California State University-Fresno,2018,71
110565,California State University-Fullerton,2018,287
122597,San Francisco State University,2018,181
139931,Georgia Southern University,2018,3
141334,University of West Georgia,2018,15
142115,Boise State University,2018,108
142276,Idaho State University,2018,15
151324,Indiana State University,2018,29
159647,Louisiana Tech University,2018,46
159993,University of Louisiana at Monroe,2018,33
169798,Eastern Michigan University,2018,38
181394,University of Nebraska at Omaha,2018,104
184782,Rowan University,2018,32
200697,Air Force Institute of Technology-Graduate School of Engineering & Management,2018,16
220978,Middle Tennessee State University,2018,86
221838,Tennessee State University,2018,61
221847,Tennessee Technological University,2018,75
226091,Lamar University,2018,66
227368,The University of Texas Rio Grande Valley,2018,53
229063,Texas Southern University,2018,14
486840,Kennesaw State University,2018,247
100830,Auburn University at Montgomery,2018,3
106704,University of Central Arkansas,2018,9
110422,California Polytechnic State University-San Luis Obispo,2018,200
110486,California State University-Bakersfield,2018,49
110495,California State University-Stanislaus,2018,62
110510,California State University-San Bernardino,2018,83
110529,California State Polytechnic University-Pomona,2018,246
110538,California State University-Chico,2018,56
110547,California State University-Dominguez Hills,2018,45
110574,California State University-East Bay,2018,232
110583,California State University-Long Beach,2018,273
110592,California State University-Los Angeles,2018,154
110608,California State University-Northridge,2018,159
110617,California State University-Sacramento,2018,190
122755,San Jose State University,2018,274
123572,Sonoma State University,2018,56
126580,University of Colorado Colorado Springs,2018,73
139861,Georgia College & State University,2018,22
145336,Governors State University,2018,173
147776,Northeastern Illinois University,2018,106
148654,University of Illinois at Springfield,2018,469
149231,Southern Illinois University-Edwardsville,2018,62
151102,Purdue University Fort Wayne,2018,58
151306,University of Southern Indiana,2018,32
151379,Indiana University-Southeast,2018,28
154095,University of Northern Iowa,2018,38
157401,Murray State University,2018,20
157447,Northern Kentucky University,2018,8
159009,Grambling State University,2018,9
159717,McNeese State University,2018,21
160612,Southeastern Louisiana University,2018,45
160621,Southern University and A & M College,2018,49
161554,University of Southern Maine,2018,22
162584,Frostburg State University,2018,50
164076,Towson University,2018,167
165024,Bridgewater State University,2018,39
165820,Fitchburg State University,2018,29
167729,Salem State University,2018,20
171146,University of Michigan-Flint,2018,27
173920,Minnesota State University-Mankato,2018,0
174020,Metropolitan State University,2018,85
174233,University of Minnesota-Duluth,2018,69
174783,Saint Cloud State University,2018,32
176965,University of Central Missouri,2018,406
178624,Northwest Missouri State University,2018,153
179566,Missouri State University-Springfield,2018,54
183080,Plymouth State University,2018,16
190549,CUNY Brooklyn College,2018,13
190558,College of Staten Island CUNY,2018,100
190567,CUNY City College,2018,69
190594,CUNY Hunter College,2018,112
190600,CUNY John Jay College of Criminal Justice,2018,0
190637,CUNY Lehman College,2018,72
190664,CUNY Queens College,2018,137
197869,Appalachian State University,2018,75
199218,University of North Carolina Wilmington,2018,66
199281,University of North Carolina at Pembroke,2018,15
200004,Western Carolina University,2018,14
206695,Youngstown State University,2018,17
207263,Northeastern State University,2018,43
207865,Southwestern Oklahoma State University,2018,1
211158,Bloomsburg University of Pennsylvania,2018,16
213349,Kutztown University of Pennsylvania,2018,9
217420,Rhode Island College,2018,21
217819,College of Charleston,2018,9
217864,Citadel Military College of South Carolina,2018,3
219602,Austin Peay State University,2018,3
221740,The University of Tennessee-Chattanooga,2018,55
225414,University of Houston-Clear Lake,2018,141
225502,University of Houston-Victoria,2018,4
228529,Tarleton State University,2018,21
229814,West Texas A & M University,2018,13
230603,Southern Utah University,2018,10
230782,Weber State University,2018,193
233277,Radford University,2018,53
234827,Central Washington University,2018,48
377555,University of Washington-Bothell Campus,2018,175
490805,Purdue University Northwest,2018,30
100724,Alabama State University,2018,11
115755,Humboldt State University,2018,34
127565,Metropolitan State University of Denver,2018,63
130934,Delaware State University,2018,19
139311,Clayton  State University,2018,20
139764,Georgia Southwestern State University,2018,19
144005,Chicago State University,2018,178
151342,Indiana University-South Bend,2018,25
151360,Indiana University-Northwest,2018,21
159416,Louisiana State University-Shreveport,2018,30
168263,Westfield State University,2018,15
174358,Minnesota State University Moorhead,2018,23
175078,Southwest Minnesota State University,2018,10
175272,Winona State University,2018,52
178615,Truman State University,2018,37
196200,SUNY College at Potsdam,2018,12
198543,Fayetteville State University,2018,26
199999,Winston-Salem State University,2018,10
206914,Cameron University,2018,29
221768,The University of Tennessee-Martin,2018,17
232566,Longwood University,2018,20
234155,Virginia State University,2018,19
240471,University of Wisconsin-River Falls,2018,4
240754,University of Guam,2018,10
243197,University of Puerto Rico-Mayaguez,2018,11
366711,California State University-San Marcos,2018,136
409698,California State University-Monterey Bay,2018,131
131399,University of the District of Columbia,2018,14
141565,University of Hawaii at Hilo,2018,16
162283,Coppin State University,2018,10
173124,Bemidji State University,2018,16
187967,New Mexico Institute of Mining and Technology,2018,30
198507,Elizabeth City State University,2018,14
230737,Utah Valley University,2018,74
230913,Northern Vermont University,2018,1
231712,Christopher Newport University,2018,56
240277,University of Wisconsin-Green Bay,2018,27
243665,University of the Virgin Islands,2018,7
441937,California State University-Channel Islands,2018,51
459949,Texas A&M University-San Antonio,2018,7
487296,University of Arizona-Sierra Vista,2018,5
187596,Navajo Technical University,2018,1
219374,Sinte Gleska University,2018,1
118912,MiraCosta College,2017,10
122977,Santa Monica College,2017,22
121619,Santa Ana College,2017,14
247834,Collin County Community College District,2017,14
114716,Foothill College,2017,29
485111,Georgia Military College,2017,11
109819,Bakersfield College,2017,9
118976,Modesto Junior College,2017,23
229355,Tyler Junior College,2017,6
126289,Arapahoe Community College,2017,0
182564,Western Nevada College,2017,0
230597,Snow College,2017,0
409315,South Texas College,2017,53
230171,Dixie State University,2017,8
237686,West Virginia University at Parkersburg,2017,5
128328,United States Air Force Academy,2017,29
164155,United States Naval Academy,2017,22
174251,University of Minnesota-Morris,2017,21
199111,University of North Carolina at Asheville,2017,26
215284,University of Pittsburgh-Johnstown,2017,21
233897,The University of Virginia's College at Wise,2017,7
234085,Virginia Military Institute,2017,16
237899,West Virginia State University,2017,4
161226,University of Maine at Farmington,2017,6
170639,Lake Superior State University,2017,9
180416,Montana Technological University,2017,1
190646,CUNY Medgar Evers College,2017,10
190655,CUNY New York City College of Technology,2017,39
190691,CUNY York College,2017,18
201690,Central State University,2017,5
214591,Pennsylvania State University-Penn State Erie-Behrend College,2017,8
215266,University of Pittsburgh-Bradford,2017,0
230931,Lyndon State College,2017,0
243115,University of Puerto Rico-Arecibo,2017,27
104151,Arizona State University-Tempe,2017,574
104179,University of Arizona,2017,184
106397,University of Arkansas,2017,45
110635,University of California-Berkeley,2017,605
110644,University of California-Davis,2017,366
110653,University of California-Irvine,2017,524
110662,University of California-Los Angeles,2017,311
110671,University of California-Riverside,2017,133
110680,University of California-San Diego,2017,892
110705,University of California-Santa Barbara,2017,162
110714,University of California-Santa Cruz,2017,386
126614,University of Colorado Boulder,2017,310
129020,University of Connecticut,2017,55
137351,University of South Florida-Main Campus,2017,65
139755,Georgia Institute of Technology-Main Campus,2017,124
139940,Georgia State University,2017,249
139959,University of Georgia,2017,178
141574,University of Hawaii at Manoa,2017,39
145600,University of Illinois at Chicago,2017,286
145637,University of Illinois at Urbana-Champaign,2017,423
151351,Indiana University-Bloomington,2017,329
153603,Iowa State University,2017,121
159391,Louisiana State University and Agricultural & Mechanical College,2017,92
166629,University of Massachusetts-Amherst,2017,278
174066,University of Minnesota-Twin Cities,2017,463
187985,University of New Mexico-Main Campus,2017,3
190576,CUNY Graduate School and University Center,2017,12
196088,University at Buffalo,2017,124
199120,University of North Carolina at Chapel Hill,2017,242
199193,North Carolina State University at Raleigh,2017,439
207500,University of Oklahoma-Norman Campus,2017,78
209542,Oregon State University,2017,595
214777,Pennsylvania State University-Main Campus,2017,55
215293,University of Pittsburgh-Pittsburgh Campus,2017,176
221759,The University of Tennessee-Knoxville,2017,99
228723,Texas A & M University-College Station,2017,224
228769,The University of Texas at Arlington,2017,76
230764,University of Utah,2017,170
232186,George Mason University,2017,24
236939,Washington State University,2017,132
236948,University of Washington-Seattle Campus,2017,206
238032,West Virginia University,2017,80
240453,University of Wisconsin-Milwaukee,2017,90
243780,Purdue University-Main Campus,2017,329
102094,University of South Alabama,2017,24
102614,University of Alaska Fairbanks,2017,6
105330,Northern Arizona University,2017,43
119678,Naval Postgraduate School,2017,43
122409,San Diego State University,2017,214
126775,Colorado School of Mines,2017,79
142285,University of Idaho,2017,35
145813,Illinois State University,2017,38
147703,Northern Illinois University,2017,216
149222,Southern Illinois University-Carbondale,2017,85
150136,Ball State University,2017,0
151111,Indiana University-Purdue University-Indianapolis,2017,53
159939,University of New Orleans,2017,63
160658,University of Louisiana at Lafayette,2017,65
161253,University of Maine,2017,18
163268,University of Maryland-Baltimore County,2017,221
166513,University of Massachusetts-Lowell,2017,141
166638,University of Massachusetts-Boston,2017,66
169248,Central Michigan University,2017,139
171128,Michigan Technological University,2017,70
172699,Western Michigan University,2017,57
175856,Jackson State University,2017,0
178402,University of Missouri-Kansas City,2017,226
178411,Missouri University of Science and Technology,2017,4
178420,University of Missouri-St Louis,2017,88
180461,Montana State University,2017,79
182281,University of Nevada-Las Vegas,2017,91
182290,University of Nevada-Reno,2017,4
185828,New Jersey Institute of Technology,2017,4
196079,Binghamton University,2017,255
198464,East Carolina University,2017,40
199102,North Carolina A & T State University,2017,49
199139,University of North Carolina at Charlotte,2017,477
199148,University of North Carolina at Greensboro,2017,60
200280,University of North Dakota,2017,12
200332,North Dakota State University-Main Campus,2017,97
200800,University of Akron Main Campus,2017,33
202134,Cleveland State University,2017,1
203517,Kent State University at Kent,2017,173
204857,Ohio University-Main Campus,2017,42
209807,Portland State University,2017,173
220862,University of Memphis,2017,70
228459,Texas State University,2017,214
228796,The University of Texas at El Paso,2017,2
229027,The University of Texas at San Antonio,2017,9
231174,University of Vermont,2017,62
231624,William & Mary,2017,74
240727,University of Wyoming,2017,53
243221,University of Puerto Rico-Rio Piedras,2017,15
110556,California State University-Fresno,2017,75
110565,California State University-Fullerton,2017,257
122597,San Francisco State University,2017,189
139931,Georgia Southern University,2017,4
141334,University of West Georgia,2017,15
142115,Boise State University,2017,85
142276,Idaho State University,2017,17
151324,Indiana State University,2017,67
159647,Louisiana Tech University,2017,41
159993,University of Louisiana at Monroe,2017,16
169798,Eastern Michigan University,2017,36
181394,University of Nebraska at Omaha,2017,95
184782,Rowan University,2017,12
200697,Air Force Institute of Technology-Graduate School of Engineering & Management,2017,18
220978,Middle Tennessee State University,2017,71
221838,Tennessee State University,2017,50
221847,Tennessee Technological University,2017,63
226091,Lamar University,2017,156
227368,The University of Texas Rio Grande Valley,2017,83
229063,Texas Southern University,2017,15
486840,Kennesaw State University,2017,193
100830,Auburn University at Montgomery,2017,2
106704,University of Central Arkansas,2017,3
110422,California Polytechnic State University-San Luis Obispo,2017,179
110486,California State University-Bakersfield,2017,26
110495,California State University-Stanislaus,2017,41
110510,California State University-San Bernardino,2017,77
110529,California State Polytechnic University-Pomona,2017,220
110538,California State University-Chico,2017,77
110547,California State University-Dominguez Hills,2017,31
110574,California State University-East Bay,2017,160
110583,California State University-Long Beach,2017,231
110592,California State University-Los Angeles,2017,177
110608,California State University-Northridge,2017,112
110617,California State University-Sacramento,2017,187
122755,San Jose State University,2017,254
123572,Sonoma State University,2017,49
126580,University of Colorado Colorado Springs,2017,56
139861,Georgia College & State University,2017,22
145336,Governors State University,2017,264
147776,Northeastern Illinois University,2017,131
148654,University of Illinois at Springfield,2017,708
149231,Southern Illinois University-Edwardsville,2017,63
151102,Purdue University Fort Wayne,2017,40
151306,University of Southern Indiana,2017,26
151379,Indiana University-Southeast,2017,17
154095,University of Northern Iowa,2017,36
156620,Eastern Kentucky University,2017,0
157401,Murray State University,2017,20
157447,Northern Kentucky University,2017,6
159009,Grambling State University,2017,11
159717,McNeese State University,2017,11
160612,Southeastern Louisiana University,2017,42
160621,Southern University and A & M College,2017,72
161554,University of Southern Maine,2017,33
162584,Frostburg State University,2017,74
164076,Towson University,2017,146
165024,Bridgewater State University,2017,26
165820,Fitchburg State University,2017,44
167729,Salem State University,2017,25
171146,University of Michigan-Flint,2017,29
173920,Minnesota State University-Mankato,2017,0
174020,Metropolitan State University,2017,76
174233,University of Minnesota-Duluth,2017,53
174783,Saint Cloud State University,2017,37
176965,University of Central Missouri,2017,1430
178624,Northwest Missouri State University,2017,267
179566,Missouri State University-Springfield,2017,58
183080,Plymouth State University,2017,8
190549,CUNY Brooklyn College,2017,19
190558,College of Staten Island CUNY,2017,68
190567,CUNY City College,2017,83
190594,CUNY Hunter College,2017,91
190637,CUNY Lehman College,2017,64
190664,CUNY Queens College,2017,120
197869,Appalachian State University,2017,77
199157,North Carolina Central University,2017,0
199218,University of North Carolina Wilmington,2017,47
199281,University of North Carolina at Pembroke,2017,21
200004,Western Carolina University,2017,18
206695,Youngstown State University,2017,29
207263,Northeastern State University,2017,24
207865,Southwestern Oklahoma State University,2017,2
211158,Bloomsburg University of Pennsylvania,2017,7
213349,Kutztown University of Pennsylvania,2017,3
217420,Rhode Island College,2017,32
217819,College of Charleston,2017,8
217864,Citadel Military College of South Carolina,2017,3
219602,Austin Peay State University,2017,0
221740,The University of Tennessee-Chattanooga,2017,46
225414,University of Houston-Clear Lake,2017,136
225502,University of Houston-Victoria,2017,6
228529,Tarleton State University,2017,8
229814,West Texas A & M University,2017,14
230603,Southern Utah University,2017,13
230782,Weber State University,2017,177
233277,Radford University,2017,57
234827,Central Washington University,2017,37
377555,University of Washington-Bothell Campus,2017,171
490805,Purdue University Northwest,2017,16
100724,Alabama State University,2017,4
115755,Humboldt State University,2017,33
127565,Metropolitan State University of Denver,2017,52
130934,Delaware State University,2017,12
139311,Clayton  State University,2017,26
139764,Georgia Southwestern State University,2017,12
144005,Chicago State University,2017,152
151342,Indiana University-South Bend,2017,13
151360,Indiana University-Northwest,2017,24
159416,Louisiana State University-Shreveport,2017,25
168263,Westfield State University,2017,22
174358,Minnesota State University Moorhead,2017,25
175078,Southwest Minnesota State University,2017,16
175272,Winona State University,2017,51
178615,Truman State University,2017,45
196200,SUNY College at Potsdam,2017,20
198543,Fayetteville State University,2017,17
199999,Winston-Salem State University,2017,14
206914,Cameron University,2017,11
221768,The University of Tennessee-Martin,2017,20
232566,Longwood University,2017,14
234155,Virginia State University,2017,27
240471,University of Wisconsin-River Falls,2017,3
240754,University of Guam,2017,3
243197,University of Puerto Rico-Mayaguez,2017,21
366711,California State University-San Marcos,2017,124
409698,California State University-Monterey Bay,2017,71
131399,University of the District of Columbia,2017,14
141565,University of Hawaii at Hilo,2017,22
162283,Coppin State University,2017,4
173124,Bemidji State University,2017,8
187967,New Mexico Institute of Mining and Technology,2017,19
198507,Elizabeth City State University,2017,10
230737,Utah Valley University,2017,91
231712,Christopher Newport University,2017,61
240277,University of Wisconsin-Green Bay,2017,29
243665,University of the Virgin Islands,2017,13
441937,California State University-Channel Islands,2017,43
459949,Texas A&M University-San Antonio,2017,7
487296,University of Arizona-Sierra Vista,2017,2
219374,Sinte Gleska University,2017,0
118912,MiraCosta College,2016,22
122977,Santa Monica College,2016,6
121619,Santa Ana College,2016,14
247834,Collin County Community College District,2016,11
114716,Foothill College,2016,30
485111,Georgia Military College,2016,1
109819,Bakersfield College,2016,4
118976,Modesto Junior College,2016,20
229355,Tyler Junior College,2016,10
142559,College of Southern Idaho,2016,0
126289,Arapahoe Community College,2016,0
182564,Western Nevada College,2016,0
230597,Snow College,2016,11
409315,South Texas College,2016,31
230171,Dixie State University,2016,9
237686,West Virginia University at Parkersburg,2016,2
128328,United States Air Force Academy,2016,37
164155,United States Naval Academy,2016,31
174251,University of Minnesota-Morris,2016,31
199111,University of North Carolina at Asheville,2016,26
215284,University of Pittsburgh-Johnstown,2016,22
233897,The University of Virginia's College at Wise,2016,14
234085,Virginia Military Institute,2016,6
237899,West Virginia State University,2016,3
151333,Indiana University-Kokomo,2016,0
161226,University of Maine at Farmington,2016,2
170639,Lake Superior State University,2016,3
180416,Montana Technological University,2016,8
190646,CUNY Medgar Evers College,2016,5
190655,CUNY New York City College of Technology,2016,26
190691,CUNY York College,2016,23
201690,Central State University,2016,4
214591,Pennsylvania State University-Penn State Erie-Behrend College,2016,14
215266,University of Pittsburgh-Bradford,2016,0
230931,Lyndon State College,2016,0
243115,University of Puerto Rico-Arecibo,2016,12
104151,Arizona State University-Tempe,2016,529
104179,University of Arizona,2016,175
110635,University of California-Berkeley,2016,474
110644,University of California-Davis,2016,288
110653,University of California-Irvine,2016,374
110662,University of California-Los Angeles,2016,366
110671,University of California-Riverside,2016,143
110680,University of California-San Diego,2016,574
110705,University of California-Santa Barbara,2016,140
110714,University of California-Santa Cruz,2016,317
126614,University of Colorado Boulder,2016,228
129020,University of Connecticut,2016,47
137351,University of South Florida-Main Campus,2016,30
139755,Georgia Institute of Technology-Main Campus,2016,107
139940,Georgia State University,2016,179
139959,University of Georgia,2016,100
141574,University of Hawaii at Manoa,2016,48
145600,University of Illinois at Chicago,2016,215
145637,University of Illinois at Urbana-Champaign,2016,546
151351,Indiana University-Bloomington,2016,227
153603,Iowa State University,2016,85
159391,Louisiana State University and Agricultural & Mechanical College,2016,68
166629,University of Massachusetts-Amherst,2016,257
174066,University of Minnesota-Twin Cities,2016,440
187985,University of New Mexico-Main Campus,2016,0
190576,CUNY Graduate School and University Center,2016,25
196088,University at Buffalo,2016,130
199120,University of North Carolina at Chapel Hill,2016,192
199193,North Carolina State University at Raleigh,2016,459
207500,University of Oklahoma-Norman Campus,2016,88
209542,Oregon State University,2016,359
214777,Pennsylvania State University-Main Campus,2016,35
215293,University of Pittsburgh-Pittsburgh Campus,2016,146
221759,The University of Tennessee-Knoxville,2016,77
228723,Texas A & M University-College Station,2016,211
228769,The University of Texas at Arlington,2016,61
230764,University of Utah,2016,153
232186,George Mason University,2016,16
236939,Washington State University,2016,102
236948,University of Washington-Seattle Campus,2016,184
238032,West Virginia University,2016,62
240453,University of Wisconsin-Milwaukee,2016,57
243780,Purdue University-Main Campus,2016,276
102094,University of South Alabama,2016,27
102614,University of Alaska Fairbanks,2016,2
105330,Northern Arizona University,2016,27
119678,Naval Postgraduate School,2016,44
122409,San Diego State University,2016,235
126775,Colorado School of Mines,2016,74
142285,University of Idaho,2016,38
145813,Illinois State University,2016,28
147703,Northern Illinois University,2016,248
149222,Southern Illinois University-Carbondale,2016,95
151111,Indiana University-Purdue University-Indianapolis,2016,52
159939,University of New Orleans,2016,74
160658,University of Louisiana at Lafayette,2016,88
161253,University of Maine,2016,20
163268,University of Maryland-Baltimore County,2016,196
166513,University of Massachusetts-Lowell,2016,136
166638,University of Massachusetts-Boston,2016,61
169248,Central Michigan University,2016,74
171128,Michigan Technological University,2016,60
172699,Western Michigan University,2016,66
175856,Jackson State University,2016,0
178402,University of Missouri-Kansas City,2016,216
178411,Missouri University of Science and Technology,2016,1
178420,University of Missouri-St Louis,2016,42
180461,Montana State University,2016,63
182281,University of Nevada-Las Vegas,2016,100
182290,University of Nevada-Reno,2016,3
185828,New Jersey Institute of Technology,2016,9
196079,Binghamton University,2016,235
198464,East Carolina University,2016,38
199102,North Carolina A & T State University,2016,58
199139,University of North Carolina at Charlotte,2016,508
199148,University of North Carolina at Greensboro,2016,62
200280,University of North Dakota,2016,6
200332,North Dakota State University-Main Campus,2016,90
200800,University of Akron Main Campus,2016,42
203517,Kent State University at Kent,2016,169
204857,Ohio University-Main Campus,2016,32
209807,Portland State University,2016,140
220862,University of Memphis,2016,52
228459,Texas State University,2016,205
228796,The University of Texas at El Paso,2016,2
229027,The University of Texas at San Antonio,2016,11
231174,University of Vermont,2016,32
231624,William & Mary,2016,59
240727,University of Wyoming,2016,34
243221,University of Puerto Rico-Rio Piedras,2016,7
110556,California State University-Fresno,2016,43
110565,California State University-Fullerton,2016,340
122597,San Francisco State University,2016,130
139931,Georgia Southern University,2016,8
141334,University of West Georgia,2016,27
142115,Boise State University,2016,70
142276,Idaho State University,2016,11
151324,Indiana State University,2016,26
159647,Louisiana Tech University,2016,35
159993,University of Louisiana at Monroe,2016,8
169798,Eastern Michigan University,2016,36
181394,University of Nebraska at Omaha,2016,109
184782,Rowan University,2016,14
200697,Air Force Institute of Technology-Graduate School of Engineering & Management,2016,13
220978,Middle Tennessee State University,2016,49
221838,Tennessee State University,2016,24
221847,Tennessee Technological University,2016,69
226091,Lamar University,2016,95
227368,The University of Texas Rio Grande Valley,2016,57
229063,Texas Southern University,2016,21
486840,Kennesaw State University,2016,125
100830,Auburn University at Montgomery,2016,0
106704,University of Central Arkansas,2016,11
110422,California Polytechnic State University-San Luis Obispo,2016,136
110486,California State University-Bakersfield,2016,35
110495,California State University-Stanislaus,2016,37
110510,California State University-San Bernardino,2016,48
110529,California State Polytechnic University-Pomona,2016,188
110538,California State University-Chico,2016,53
110547,California State University-Dominguez Hills,2016,28
110574,California State University-East Bay,2016,175
110583,California State University-Long Beach,2016,208
110592,California State University-Los Angeles,2016,136
110608,California State University-Northridge,2016,91
110617,California State University-Sacramento,2016,109
122755,San Jose State University,2016,220
123572,Sonoma State University,2016,46
126580,University of Colorado Colorado Springs,2016,65
139861,Georgia College & State University,2016,24
145336,Governors State University,2016,200
147776,Northeastern Illinois University,2016,118
148654,University of Illinois at Springfield,2016,543
149231,Southern Illinois University-Edwardsville,2016,55
151102,Purdue University Fort Wayne,2016,36
151306,University of Southern Indiana,2016,26
151379,Indiana University-Southeast,2016,19
152248,Purdue University-Calumet Campus,2016,25
154095,University of Northern Iowa,2016,28
156620,Eastern Kentucky University,2016,17
157401,Murray State University,2016,17
157447,Northern Kentucky University,2016,5
159009,Grambling State University,2016,11
159717,McNeese State University,2016,16
160612,Southeastern Louisiana University,2016,30
160621,Southern University and A & M College,2016,60
161554,University of Southern Maine,2016,19
162584,Frostburg State University,2016,36
164076,Towson University,2016,139
165024,Bridgewater State University,2016,29
165820,Fitchburg State University,2016,28
167729,Salem State University,2016,18
171146,University of Michigan-Flint,2016,22
173920,Minnesota State University-Mankato,2016,0
174020,Metropolitan State University,2016,75
174233,University of Minnesota-Duluth,2016,55
174783,Saint Cloud State University,2016,34
176965,University of Central Missouri,2016,1058
178624,Northwest Missouri State University,2016,292
179566,Missouri State University-Springfield,2016,33
183080,Plymouth State University,2016,12
190549,CUNY Brooklyn College,2016,8
190558,College of Staten Island CUNY,2016,58
190567,CUNY City College,2016,59
190594,CUNY Hunter College,2016,86
190637,CUNY Lehman College,2016,40
190664,CUNY Queens College,2016,110
196246,SUNY College at Plattsburgh,2016,0
197869,Appalachian State University,2016,61
199218,University of North Carolina Wilmington,2016,53
199281,University of North Carolina at Pembroke,2016,19
200004,Western Carolina University,2016,17
206695,Youngstown State University,2016,14
207263,Northeastern State University,2016,19
207865,Southwestern Oklahoma State University,2016,0
211158,Bloomsburg University of Pennsylvania,2016,22
213349,Kutztown University of Pennsylvania,2016,10
217420,Rhode Island College,2016,6
217819,College of Charleston,2016,15
217864,Citadel Military College of South Carolina,2016,2
219602,Austin Peay State University,2016,0
221740,The University of Tennessee-Chattanooga,2016,44
225414,University of Houston-Clear Lake,2016,130
225502,University of Houston-Victoria,2016,4
228529,Tarleton State University,2016,5
229814,West Texas A & M University,2016,23
230603,Southern Utah University,2016,11
230782,Weber State University,2016,168
233277,Radford University,2016,63
234827,Central Washington University,2016,46
377555,University of Washington-Bothell Campus,2016,151
100724,Alabama State University,2016,8
115755,Humboldt State University,2016,19
127565,Metropolitan State University of Denver,2016,34
130934,Delaware State University,2016,13
139311,Clayton  State University,2016,9
139764,Georgia Southwestern State University,2016,13
144005,Chicago State University,2016,79
151342,Indiana University-South Bend,2016,19
151360,Indiana University-Northwest,2016,20
159416,Louisiana State University-Shreveport,2016,21
168263,Westfield State University,2016,12
174358,Minnesota State University Moorhead,2016,7
175078,Southwest Minnesota State University,2016,6
175272,Winona State University,2016,57
178615,Truman State University,2016,32
196200,SUNY College at Potsdam,2016,15
198543,Fayetteville State University,2016,18
199999,Winston-Salem State University,2016,18
206914,Cameron University,2016,16
213613,Lock Haven University,2016,0
221768,The University of Tennessee-Martin,2016,13
232566,Longwood University,2016,10
234155,Virginia State University,2016,16
240754,University of Guam,2016,11
243197,University of Puerto Rico-Mayaguez,2016,18
366711,California State University-San Marcos,2016,38
409698,California State University-Monterey Bay,2016,40
131399,University of the District of Columbia,2016,18
141565,University of Hawaii at Hilo,2016,10
162283,Coppin State University,2016,5
173124,Bemidji State University,2016,18
187967,New Mexico Institute of Mining and Technology,2016,20
198507,Elizabeth City State University,2016,6
230737,Utah Valley University,2016,69
231712,Christopher Newport University,2016,54
240277,University of Wisconsin-Green Bay,2016,13
243665,University of the Virgin Islands,2016,10
441937,California State University-Channel Islands,2016,22
459949,Texas A&M University-San Antonio,2016,9
487296,University of Arizona-Sierra Vista,2016,3
219374,Sinte Gleska University,2016,1
118912,MiraCosta College,2015,11
122977,Santa Monica College,2015,8
121619,Santa Ana College,2015,10
247834,Collin County Community College District,2015,12
114716,Foothill College,2015,12
485111,Georgia Military College,2015,0
109819,Bakersfield College,2015,1
118976,Modesto Junior College,2015,27
229355,Tyler Junior College,2015,7
142559,College of Southern Idaho,2015,0
126289,Arapahoe Community College,2015,0
170620,Lake Michigan College,2015,0
182564,Western Nevada College,2015,0
230597,Snow College,2015,11
409315,South Texas College,2015,40
230171,Dixie State University,2015,4
237686,West Virginia University at Parkersburg,2015,5
128328,United States Air Force Academy,2015,24
164155,United States Naval Academy,2015,39
174251,University of Minnesota-Morris,2015,21
199111,University of North Carolina at Asheville,2015,13
207722,University of Science and Arts of Oklahoma,2015,4
215284,University of Pittsburgh-Johnstown,2015,24
233897,The University of Virginia's College at Wise,2015,6
234085,Virginia Military Institute,2015,11
237899,West Virginia State University,2015,2
151333,Indiana University-Kokomo,2015,0
161226,University of Maine at Farmington,2015,4
170639,Lake Superior State University,2015,2
180416,Montana Technological University,2015,5
190646,CUNY Medgar Evers College,2015,7
190655,CUNY New York City College of Technology,2015,29
190691,CUNY York College,2015,22
201690,Central State University,2015,3
214591,Pennsylvania State University-Penn State Erie-Behrend College,2015,10
215266,University of Pittsburgh-Bradford,2015,0
230931,Lyndon State College,2015,1
104151,Arizona State University-Tempe,2015,456
104179,University of Arizona,2015,131
110635,University of California-Berkeley,2015,361
110644,University of California-Davis,2015,224
110653,University of California-Irvine,2015,304
110662,University of California-Los Angeles,2015,291
110671,University of California-Riverside,2015,124
110680,University of California-San Diego,2015,422
110705,University of California-Santa Barbara,2015,175
110714,University of California-Santa Cruz,2015,254
126614,University of Colorado Boulder,2015,158
129020,University of Connecticut,2015,29
130943,University of Delaware,2015,0
137351,University of South Florida-Main Campus,2015,28
139755,Georgia Institute of Technology-Main Campus,2015,72
139940,Georgia State University,2015,172
139959,University of Georgia,2015,116
141574,University of Hawaii at Manoa,2015,55
145600,University of Illinois at Chicago,2015,156
145637,University of Illinois at Urbana-Champaign,2015,441
151351,Indiana University-Bloomington,2015,230
153603,Iowa State University,2015,58
159391,Louisiana State University and Agricultural & Mechanical College,2015,60
166629,University of Massachusetts-Amherst,2015,202
174066,University of Minnesota-Twin Cities,2015,299
187985,University of New Mexico-Main Campus,2015,1
190576,CUNY Graduate School and University Center,2015,23
196088,University at Buffalo,2015,101
199120,University of North Carolina at Chapel Hill,2015,188
199193,North Carolina State University at Raleigh,2015,431
207500,University of Oklahoma-Norman Campus,2015,49
209542,Oregon State University,2015,270
214777,Pennsylvania State University-Main Campus,2015,48
215293,University of Pittsburgh-Pittsburgh Campus,2015,116
221759,The University of Tennessee-Knoxville,2015,51
228723,Texas A & M University-College Station,2015,176
228769,The University of Texas at Arlington,2015,36
230764,University of Utah,2015,167
232186,George Mason University,2015,22
236939,Washington State University,2015,101
236948,University of Washington-Seattle Campus,2015,170
238032,West Virginia University,2015,68
240453,University of Wisconsin-Milwaukee,2015,59
243780,Purdue University-Main Campus,2015,185
102094,University of South Alabama,2015,24
105330,Northern Arizona University,2015,29
119678,Naval Postgraduate School,2015,46
122409,San Diego State University,2015,152
126775,Colorado School of Mines,2015,70
142285,University of Idaho,2015,42
145813,Illinois State University,2015,30
147703,Northern Illinois University,2015,204
149222,Southern Illinois University-Carbondale,2015,110
151111,Indiana University-Purdue University-Indianapolis,2015,48
159939,University of New Orleans,2015,52
160658,University of Louisiana at Lafayette,2015,82
161253,University of Maine,2015,17
163268,University of Maryland-Baltimore County,2015,196
166513,University of Massachusetts-Lowell,2015,110
166638,University of Massachusetts-Boston,2015,38
169248,Central Michigan University,2015,33
171128,Michigan Technological University,2015,56
172699,Western Michigan University,2015,78
175856,Jackson State University,2015,0
178402,University of Missouri-Kansas City,2015,99
178411,Missouri University of Science and Technology,2015,4
178420,University of Missouri-St Louis,2015,47
180461,Montana State University,2015,51
182281,University of Nevada-Las Vegas,2015,52
182290,University of Nevada-Reno,2015,4
185828,New Jersey Institute of Technology,2015,5
196079,Binghamton University,2015,238
198464,East Carolina University,2015,32
199102,North Carolina A & T State University,2015,58
199139,University of North Carolina at Charlotte,2015,345
199148,University of North Carolina at Greensboro,2015,37
200280,University of North Dakota,2015,6
200332,North Dakota State University-Main Campus,2015,61
200800,University of Akron Main Campus,2015,35
203517,Kent State University at Kent,2015,129
204857,Ohio University-Main Campus,2015,41
209807,Portland State University,2015,129
220862,University of Memphis,2015,56
228459,Texas State University,2015,173
228796,The University of Texas at El Paso,2015,2
229027,The University of Texas at San Antonio,2015,8
231174,University of Vermont,2015,47
231624,William & Mary,2015,45
240727,University of Wyoming,2015,37
243221,University of Puerto Rico-Rio Piedras,2015,15
110556,California State University-Fresno,2015,33
110565,California State University-Fullerton,2015,200
122597,San Francisco State University,2015,72
139931,Georgia Southern University,2015,4
141334,University of West Georgia,2015,15
142115,Boise State University,2015,55
151324,Indiana State University,2015,32
159647,Louisiana Tech University,2015,39
159993,University of Louisiana at Monroe,2015,12
169798,Eastern Michigan University,2015,36
181394,University of Nebraska at Omaha,2015,66
184782,Rowan University,2015,14
200697,Air Force Institute of Technology-Graduate School of Engineering & Management,2015,5
220978,Middle Tennessee State University,2015,74
221838,Tennessee State University,2015,14
221847,Tennessee Technological University,2015,67
226091,Lamar University,2015,23
227368,The University of Texas Rio Grande Valley,2015,48
229063,Texas Southern University,2015,15
486840,Kennesaw State University,2015,122
100830,Auburn University at Montgomery,2015,0
106704,University of Central Arkansas,2015,9
110422,California Polytechnic State University-San Luis Obispo,2015,104
110486,California State University-Bakersfield,2015,27
110495,California State University-Stanislaus,2015,29
110510,California State University-San Bernardino,2015,41
110529,California State Polytechnic University-Pomona,2015,127
110538,California State University-Chico,2015,39
110547,California State University-Dominguez Hills,2015,19
110574,California State University-East Bay,2015,135
110583,California State University-Long Beach,2015,162
110592,California State University-Los Angeles,2015,66
110608,California State University-Northridge,2015,80
110617,California State University-Sacramento,2015,103
122755,San Jose State University,2015,167
123572,Sonoma State University,2015,30
126580,University of Colorado Colorado Springs,2015,42
139861,Georgia College & State University,2015,14
145336,Governors State University,2015,54
147776,Northeastern Illinois University,2015,99
148654,University of Illinois at Springfield,2015,384
149231,Southern Illinois University-Edwardsville,2015,51
151102,Purdue University Fort Wayne,2015,33
151306,University of Southern Indiana,2015,19
151379,Indiana University-Southeast,2015,17
152248,Purdue University-Calumet Campus,2015,17
154095,University of Northern Iowa,2015,40
156620,Eastern Kentucky University,2015,9
157401,Murray State University,2015,18
157447,Northern Kentucky University,2015,7
159009,Grambling State University,2015,6
159717,McNeese State University,2015,14
160612,Southeastern Louisiana University,2015,37
160621,Southern University and A & M College,2015,23
161554,University of Southern Maine,2015,15
162584,Frostburg State University,2015,35
165024,Bridgewater State University,2015,30
165820,Fitchburg State University,2015,40
167729,Salem State University,2015,12
171146,University of Michigan-Flint,2015,12
173920,Minnesota State University-Mankato,2015,1
174020,Metropolitan State University,2015,47
174233,University of Minnesota-Duluth,2015,36
174783,Saint Cloud State University,2015,24
176965,University of Central Missouri,2015,656
179566,Missouri State University-Springfield,2015,36
183080,Plymouth State University,2015,12
190549,CUNY Brooklyn College,2015,18
190558,College of Staten Island CUNY,2015,63
190567,CUNY City College,2015,54
190594,CUNY Hunter College,2015,51
190637,CUNY Lehman College,2015,43
190664,CUNY Queens College,2015,88
196246,SUNY College at Plattsburgh,2015,0
197869,Appalachian State University,2015,49
199157,North Carolina Central University,2015,4
199218,University of North Carolina Wilmington,2015,59
199281,University of North Carolina at Pembroke,2015,10
200004,Western Carolina University,2015,19
206695,Youngstown State University,2015,10
207263,Northeastern State University,2015,23
207865,Southwestern Oklahoma State University,2015,0
211158,Bloomsburg University of Pennsylvania,2015,20
213349,Kutztown University of Pennsylvania,2015,9
217420,Rhode Island College,2015,6
217819,College of Charleston,2015,5
217864,Citadel Military College of South Carolina,2015,3
221740,The University of Tennessee-Chattanooga,2015,42
225414,University of Houston-Clear Lake,2015,127
225502,University of Houston-Victoria,2015,7
228529,Tarleton State University,2015,0
229814,West Texas A & M University,2015,10
230603,Southern Utah University,2015,12
230782,Weber State University,2015,138
233277,Radford University,2015,62
234827,Central Washington University,2015,38
377555,University of Washington-Bothell Campus,2015,145
100724,Alabama State University,2015,7
115755,Humboldt State University,2015,14
127565,Metropolitan State University of Denver,2015,28
130934,Delaware State University,2015,6
139311,Clayton  State University,2015,8
139764,Georgia Southwestern State University,2015,33
144005,Chicago State University,2015,57
151342,Indiana University-South Bend,2015,25
151360,Indiana University-Northwest,2015,15
159416,Louisiana State University-Shreveport,2015,18
168263,Westfield State University,2015,12
174358,Minnesota State University Moorhead,2015,13
175078,Southwest Minnesota State University,2015,14
175272,Winona State University,2015,47
178615,Truman State University,2015,35
196200,SUNY College at Potsdam,2015,17
198543,Fayetteville State University,2015,7
199999,Winston-Salem State University,2015,10
206914,Cameron University,2015,17
213613,Lock Haven University,2015,0
221768,The University of Tennessee-Martin,2015,12
232566,Longwood University,2015,13
234155,Virginia State University,2015,18
240754,University of Guam,2015,9
243197,University of Puerto Rico-Mayaguez,2015,12
366711,California State University-San Marcos,2015,62
131399,University of the District of Columbia,2015,15
141565,University of Hawaii at Hilo,2015,7
162283,Coppin State University,2015,3
173124,Bemidji State University,2015,12
187967,New Mexico Institute of Mining and Technology,2015,22
198507,Elizabeth City State University,2015,10
230737,Utah Valley University,2015,58
231712,Christopher Newport University,2015,59
240277,University of Wisconsin-Green Bay,2015,26
243665,University of the Virgin Islands,2015,4
441937,California State University-Channel Islands,2015,26
459949,Texas A&M University-San Antonio,2015,4
487296,University of Arizona-Sierra Vista,2015,6
219374,Sinte Gleska University,2015,0
118912,MiraCosta College,2014,7
122977,Santa Monica College,2014,4
121619,Santa Ana College,2014,4
247834,Collin County Community College District,2014,8
114716,Foothill College,2014,9
109819,Bakersfield College,2014,2
118976,Modesto Junior College,2014,12
204422,North Central State College,2014,8
229355,Tyler Junior College,2014,1
142559,College of Southern Idaho,2014,0
126289,Arapahoe Community College,2014,0
170620,Lake Michigan College,2014,1
182564,Western Nevada College,2014,0
230597,Snow College,2014,6
409315,South Texas College,2014,23
230171,Dixie State University,2014,7
237686,West Virginia University at Parkersburg,2014,0
128328,United States Air Force Academy,2014,35
164155,United States Naval Academy,2014,32
174251,University of Minnesota-Morris,2014,14
199111,University of North Carolina at Asheville,2014,14
207722,University of Science and Arts of Oklahoma,2014,2
215284,University of Pittsburgh-Johnstown,2014,26
234085,Virginia Military Institute,2014,8
237899,West Virginia State University,2014,0
151333,Indiana University-Kokomo,2014,1
161226,University of Maine at Farmington,2014,6
170639,Lake Superior State University,2014,5
180416,Montana Technological University,2014,4
190646,CUNY Medgar Evers College,2014,14
190655,CUNY New York City College of Technology,2014,26
190691,CUNY York College,2014,11
201690,Central State University,2014,4
214591,Pennsylvania State University-Penn State Erie-Behrend College,2014,13
215266,University of Pittsburgh-Bradford,2014,0
230931,Lyndon State College,2014,0
243115,University of Puerto Rico-Arecibo,2014,16
104151,Arizona State University-Tempe,2014,319
104179,University of Arizona,2014,132
110635,University of California-Berkeley,2014,292
110644,University of California-Davis,2014,188
110653,University of California-Irvine,2014,211
110662,University of California-Los Angeles,2014,247
110671,University of California-Riverside,2014,117
110680,University of California-San Diego,2014,327
110705,University of California-Santa Barbara,2014,134
110714,University of California-Santa Cruz,2014,175
126614,University of Colorado Boulder,2014,162
129020,University of Connecticut,2014,29
139755,Georgia Institute of Technology-Main Campus,2014,54
139940,Georgia State University,2014,120
139959,University of Georgia,2014,82
141574,University of Hawaii at Manoa,2014,41
145600,University of Illinois at Chicago,2014,194
145637,University of Illinois at Urbana-Champaign,2014,427
151351,Indiana University-Bloomington,2014,186
153603,Iowa State University,2014,79
159391,Louisiana State University and Agricultural & Mechanical College,2014,32
166629,University of Massachusetts-Amherst,2014,167
174066,University of Minnesota-Twin Cities,2014,328
187985,University of New Mexico-Main Campus,2014,1
190576,CUNY Graduate School and University Center,2014,27
196088,University at Buffalo,2014,98
199120,University of North Carolina at Chapel Hill,2014,133
199193,North Carolina State University at Raleigh,2014,350
207500,University of Oklahoma-Norman Campus,2014,62
209542,Oregon State University,2014,192
214777,Pennsylvania State University-Main Campus,2014,47
215293,University of Pittsburgh-Pittsburgh Campus,2014,110
221759,The University of Tennessee-Knoxville,2014,52
228723,Texas A & M University-College Station,2014,144
228769,The University of Texas at Arlington,2014,27
230764,University of Utah,2014,124
232186,George Mason University,2014,11
236939,Washington State University,2014,75
236948,University of Washington-Seattle Campus,2014,149
238032,West Virginia University,2014,48
240453,University of Wisconsin-Milwaukee,2014,60
243780,Purdue University-Main Campus,2014,179
102094,University of South Alabama,2014,11
102614,University of Alaska Fairbanks,2014,5
105330,Northern Arizona University,2014,21
119678,Naval Postgraduate School,2014,37
122409,San Diego State University,2014,133
126775,Colorado School of Mines,2014,49
142285,University of Idaho,2014,32
145813,Illinois State University,2014,34
147703,Northern Illinois University,2014,126
149222,Southern Illinois University-Carbondale,2014,46
151111,Indiana University-Purdue University-Indianapolis,2014,27
159939,University of New Orleans,2014,38
160658,University of Louisiana at Lafayette,2014,61
161253,University of Maine,2014,18
163268,University of Maryland-Baltimore County,2014,163
166513,University of Massachusetts-Lowell,2014,75
166638,University of Massachusetts-Boston,2014,25
169248,Central Michigan University,2014,25
171128,Michigan Technological University,2014,44
172699,Western Michigan University,2014,53
178402,University of Missouri-Kansas City,2014,60
178411,Missouri University of Science and Technology,2014,3
178420,University of Missouri-St Louis,2014,32
180461,Montana State University,2014,51
182281,University of Nevada-Las Vegas,2014,66
182290,University of Nevada-Reno,2014,2
185828,New Jersey Institute of Technology,2014,6
196079,Binghamton University,2014,164
198464,East Carolina University,2014,34
199102,North Carolina A & T State University,2014,61
199139,University of North Carolina at Charlotte,2014,341
199148,University of North Carolina at Greensboro,2014,43
200280,University of North Dakota,2014,3
200332,North Dakota State University-Main Campus,2014,83
200800,University of Akron Main Campus,2014,25
203517,Kent State University at Kent,2014,101
204857,Ohio University-Main Campus,2014,26
209807,Portland State University,2014,105
220862,University of Memphis,2014,41
228459,Texas State University,2014,74
228796,The University of Texas at El Paso,2014,2
229027,The University of Texas at San Antonio,2014,13
231174,University of Vermont,2014,39
240727,University of Wyoming,2014,25
243221,University of Puerto Rico-Rio Piedras,2014,15
110556,California State University-Fresno,2014,43
110565,California State University-Fullerton,2014,140
122597,San Francisco State University,2014,83
139931,Georgia Southern University,2014,9
141334,University of West Georgia,2014,7
142115,Boise State University,2014,31
151324,Indiana State University,2014,13
159647,Louisiana Tech University,2014,41
159993,University of Louisiana at Monroe,2014,9
169798,Eastern Michigan University,2014,18
181394,University of Nebraska at Omaha,2014,78
184782,Rowan University,2014,6
200697,Air Force Institute of Technology-Graduate School of Engineering & Management,2014,5
220978,Middle Tennessee State University,2014,50
221838,Tennessee State University,2014,13
221847,Tennessee Technological University,2014,62
226091,Lamar University,2014,8
227368,The University of Texas Rio Grande Valley,2014,23
228705,Texas A & M University-Kingsville,2014,3
229063,Texas Southern University,2014,6
100830,Auburn University at Montgomery,2014,0
106704,University of Central Arkansas,2014,6
110422,California Polytechnic State University-San Luis Obispo,2014,93
110486,California State University-Bakersfield,2014,24
110495,California State University-Stanislaus,2014,25
110510,California State University-San Bernardino,2014,35
110529,California State Polytechnic University-Pomona,2014,115
110538,California State University-Chico,2014,41
110547,California State University-Dominguez Hills,2014,22
110574,California State University-East Bay,2014,110
110583,California State University-Long Beach,2014,142
110592,California State University-Los Angeles,2014,64
110608,California State University-Northridge,2014,77
110617,California State University-Sacramento,2014,95
122755,San Jose State University,2014,169
123572,Sonoma State University,2014,35
126580,University of Colorado Colorado Springs,2014,52
139861,Georgia College & State University,2014,12
145336,Governors State University,2014,37
147776,Northeastern Illinois University,2014,64
148654,University of Illinois at Springfield,2014,189
149231,Southern Illinois University-Edwardsville,2014,56
151306,University of Southern Indiana,2014,14
151379,Indiana University-Southeast,2014,18
152248,Purdue University-Calumet Campus,2014,7
154095,University of Northern Iowa,2014,41
156620,Eastern Kentucky University,2014,5
157401,Murray State University,2014,14
157447,Northern Kentucky University,2014,11
159009,Grambling State University,2014,8
159717,McNeese State University,2014,11
160612,Southeastern Louisiana University,2014,36
160621,Southern University and A & M College,2014,30
161554,University of Southern Maine,2014,23
162584,Frostburg State University,2014,25
165024,Bridgewater State University,2014,23
165820,Fitchburg State University,2014,23
167729,Salem State University,2014,23
171146,University of Michigan-Flint,2014,21
173920,Minnesota State University-Mankato,2014,4
174020,Metropolitan State University,2014,49
174233,University of Minnesota-Duluth,2014,43
174783,Saint Cloud State University,2014,22
176965,University of Central Missouri,2014,83
179566,Missouri State University-Springfield,2014,21
183080,Plymouth State University,2014,5
190549,CUNY Brooklyn College,2014,10
190558,College of Staten Island CUNY,2014,71
190567,CUNY City College,2014,53
190594,CUNY Hunter College,2014,53
190637,CUNY Lehman College,2014,35
190664,CUNY Queens College,2014,96
196246,SUNY College at Plattsburgh,2014,0
197869,Appalachian State University,2014,39
199157,North Carolina Central University,2014,5
199218,University of North Carolina Wilmington,2014,46
199281,University of North Carolina at Pembroke,2014,9
200004,Western Carolina University,2014,11
206695,Youngstown State University,2014,4
207263,Northeastern State University,2014,17
207865,Southwestern Oklahoma State University,2014,0
211158,Bloomsburg University of Pennsylvania,2014,16
213349,Kutztown University of Pennsylvania,2014,3
217819,College of Charleston,2014,9
217864,Citadel Military College of South Carolina,2014,2
221740,The University of Tennessee-Chattanooga,2014,36
225414,University of Houston-Clear Lake,2014,81
229814,West Texas A & M University,2014,6
230603,Southern Utah University,2014,6
230782,Weber State University,2014,82
233277,Radford University,2014,52
234827,Central Washington University,2014,27
100724,Alabama State University,2014,10
115755,Humboldt State University,2014,14
127565,Metropolitan State University of Denver,2014,17
130934,Delaware State University,2014,8
139311,Clayton  State University,2014,6
139764,Georgia Southwestern State University,2014,27
144005,Chicago State University,2014,24
151342,Indiana University-South Bend,2014,14
151360,Indiana University-Northwest,2014,13
159416,Louisiana State University-Shreveport,2014,17
159966,Nicholls State University,2014,0
168263,Westfield State University,2014,12
174358,Minnesota State University Moorhead,2014,20
175078,Southwest Minnesota State University,2014,14
175272,Winona State University,2014,34
178615,Truman State University,2014,32
196200,SUNY College at Potsdam,2014,13
198543,Fayetteville State University,2014,12
199999,Winston-Salem State University,2014,16
206914,Cameron University,2014,12
213613,Lock Haven University,2014,1
221768,The University of Tennessee-Martin,2014,17
232566,Longwood University,2014,16
234155,Virginia State University,2014,19
240754,University of Guam,2014,4
243197,University of Puerto Rico-Mayaguez,2014,8
366711,California State University-San Marcos,2014,57
131399,University of the District of Columbia,2014,12
141565,University of Hawaii at Hilo,2014,13
162283,Coppin State University,2014,6
173124,Bemidji State University,2014,5
187967,New Mexico Institute of Mining and Technology,2014,24
198507,Elizabeth City State University,2014,12
230737,Utah Valley University,2014,43
231712,Christopher Newport University,2014,43
240277,University of Wisconsin-Green Bay,2014,7
243665,University of the Virgin Islands,2014,5
441937,California State University-Channel Islands,2014,19
219374,Sinte Gleska University,2014,2
118912,MiraCosta College,2013,2
122977,Santa Monica College,2013,6
121619,Santa Ana College,2013,2
247834,Collin County Community College District,2013,4
114716,Foothill College,2013,6
109819,Bakersfield College,2013,2
118976,Modesto Junior College,2013,11
204422,North Central State College,2013,17
229355,Tyler Junior College,2013,3
142559,College of Southern Idaho,2013,0
126289,Arapahoe Community College,2013,0
170620,Lake Michigan College,2013,0
182564,Western Nevada College,2013,0
230597,Snow College,2013,3
409315,South Texas College,2013,27
230171,Dixie State University,2013,3
237686,West Virginia University at Parkersburg,2013,1
128328,United States Air Force Academy,2013,31
164155,United States Naval Academy,2013,33
174251,University of Minnesota-Morris,2013,16
199111,University of North Carolina at Asheville,2013,22
207722,University of Science and Arts of Oklahoma,2013,3
215284,University of Pittsburgh-Johnstown,2013,11
234085,Virginia Military Institute,2013,12
237899,West Virginia State University,2013,0
151333,Indiana University-Kokomo,2013,1
161226,University of Maine at Farmington,2013,6
161235,University of Maine at Fort Kent,2013,1
170639,Lake Superior State University,2013,6
180416,Montana Technological University,2013,5
190646,CUNY Medgar Evers College,2013,4
190655,CUNY New York City College of Technology,2013,21
190691,CUNY York College,2013,7
201690,Central State University,2013,1
214591,Pennsylvania State University-Penn State Erie-Behrend College,2013,9
215266,University of Pittsburgh-Bradford,2013,0
230931,Lyndon State College,2013,1
243115,University of Puerto Rico-Arecibo,2013,12
104151,Arizona State University-Tempe,2013,249
104179,University of Arizona,2013,94
110635,University of California-Berkeley,2013,225
110644,University of California-Davis,2013,148
110653,University of California-Irvine,2013,174
110662,University of California-Los Angeles,2013,235
110671,University of California-Riverside,2013,74
110680,University of California-San Diego,2013,313
110705,University of California-Santa Barbara,2013,144
110714,University of California-Santa Cruz,2013,166
126614,University of Colorado Boulder,2013,130
129020,University of Connecticut,2013,17
139755,Georgia Institute of Technology-Main Campus,2013,52
139940,Georgia State University,2013,97
139959,University of Georgia,2013,70
141574,University of Hawaii at Manoa,2013,31
145600,University of Illinois at Chicago,2013,145
145637,University of Illinois at Urbana-Champaign,2013,342
151351,Indiana University-Bloomington,2013,173
153603,Iowa State University,2013,74
159391,Louisiana State University and Agricultural & Mechanical College,2013,38
166629,University of Massachusetts-Amherst,2013,138
174066,University of Minnesota-Twin Cities,2013,292
187985,University of New Mexico-Main Campus,2013,1
190576,CUNY Graduate School and University Center,2013,16
196088,University at Buffalo,2013,0
199120,University of North Carolina at Chapel Hill,2013,111
199193,North Carolina State University at Raleigh,2013,381
207500,University of Oklahoma-Norman Campus,2013,58
209542,Oregon State University,2013,142
214777,Pennsylvania State University-Main Campus,2013,45
215293,University of Pittsburgh-Pittsburgh Campus,2013,74
221759,The University of Tennessee-Knoxville,2013,54
228723,Texas A & M University-College Station,2013,134
228769,The University of Texas at Arlington,2013,31
230764,University of Utah,2013,136
232186,George Mason University,2013,9
236939,Washington State University,2013,82
236948,University of Washington-Seattle Campus,2013,141
238032,West Virginia University,2013,59
240453,University of Wisconsin-Milwaukee,2013,60
243780,Purdue University-Main Campus,2013,126
102094,University of South Alabama,2013,15
102614,University of Alaska Fairbanks,2013,0
105330,Northern Arizona University,2013,24
119678,Naval Postgraduate School,2013,43
122409,San Diego State University,2013,165
126775,Colorado School of Mines,2013,13
142285,University of Idaho,2013,32
145813,Illinois State University,2013,19
147703,Northern Illinois University,2013,138
149222,Southern Illinois University-Carbondale,2013,60
151111,Indiana University-Purdue University-Indianapolis,2013,26
156125,Wichita State University,2013,2
159939,University of New Orleans,2013,38
160658,University of Louisiana at Lafayette,2013,75
161253,University of Maine,2013,15
163268,University of Maryland-Baltimore County,2013,153
166513,University of Massachusetts-Lowell,2013,65
166638,University of Massachusetts-Boston,2013,8
169248,Central Michigan University,2013,22
171128,Michigan Technological University,2013,55
172699,Western Michigan University,2013,53
178402,University of Missouri-Kansas City,2013,59
178411,Missouri University of Science and Technology,2013,1
178420,University of Missouri-St Louis,2013,31
180461,Montana State University,2013,34
182281,University of Nevada-Las Vegas,2013,56
182290,University of Nevada-Reno,2013,23
185828,New Jersey Institute of Technology,2013,4
196079,Binghamton University,2013,139
198464,East Carolina University,2013,29
199102,North Carolina A & T State University,2013,54
199139,University of North Carolina at Charlotte,2013,229
199148,University of North Carolina at Greensboro,2013,25
200280,University of North Dakota,2013,8
200332,North Dakota State University-Main Campus,2013,76
200800,University of Akron Main Campus,2013,42
203517,Kent State University at Kent,2013,81
204857,Ohio University-Main Campus,2013,21
209807,Portland State University,2013,105
220862,University of Memphis,2013,36
228796,The University of Texas at El Paso,2013,6
229027,The University of Texas at San Antonio,2013,8
231174,University of Vermont,2013,25
240727,University of Wyoming,2013,31
243221,University of Puerto Rico-Rio Piedras,2013,7
110556,California State University-Fresno,2013,14
110565,California State University-Fullerton,2013,137
122597,San Francisco State University,2013,81
139931,Georgia Southern University,2013,6
141334,University of West Georgia,2013,0
142115,Boise State University,2013,42
151324,Indiana State University,2013,15
159647,Louisiana Tech University,2013,35
159993,University of Louisiana at Monroe,2013,10
169798,Eastern Michigan University,2013,26
181394,University of Nebraska at Omaha,2013,63
184782,Rowan University,2013,7
200697,Air Force Institute of Technology-Graduate School of Engineering & Management,2013,7
220978,Middle Tennessee State University,2013,44
221838,Tennessee State University,2013,14
221847,Tennessee Technological University,2013,36
226091,Lamar University,2013,16
227368,The University of Texas Rio Grande Valley,2013,35
229063,Texas Southern University,2013,5
106704,University of Central Arkansas,2013,5
110422,California Polytechnic State University-San Luis Obispo,2013,71
110486,California State University-Bakersfield,2013,17
110495,California State University-Stanislaus,2013,16
110510,California State University-San Bernardino,2013,34
110529,California State Polytechnic University-Pomona,2013,104
110538,California State University-Chico,2013,31
110547,California State University-Dominguez Hills,2013,19
110574,California State University-East Bay,2013,123
110583,California State University-Long Beach,2013,135
110592,California State University-Los Angeles,2013,51
110608,California State University-Northridge,2013,71
110617,California State University-Sacramento,2013,75
122755,San Jose State University,2013,130
123572,Sonoma State University,2013,10
126580,University of Colorado Colorado Springs,2013,33
139861,Georgia College & State University,2013,11
145336,Governors State University,2013,38
147776,Northeastern Illinois University,2013,80
148654,University of Illinois at Springfield,2013,178
149231,Southern Illinois University-Edwardsville,2013,43
151306,University of Southern Indiana,2013,12
151379,Indiana University-Southeast,2013,14
152248,Purdue University-Calumet Campus,2013,8
154095,University of Northern Iowa,2013,31
156620,Eastern Kentucky University,2013,14
157401,Murray State University,2013,15
157447,Northern Kentucky University,2013,8
159009,Grambling State University,2013,6
159717,McNeese State University,2013,10
160612,Southeastern Louisiana University,2013,38
160621,Southern University and A & M College,2013,46
161554,University of Southern Maine,2013,11
162584,Frostburg State University,2013,18
165024,Bridgewater State University,2013,17
165820,Fitchburg State University,2013,47
167729,Salem State University,2013,17
171146,University of Michigan-Flint,2013,9
173920,Minnesota State University-Mankato,2013,15
174020,Metropolitan State University,2013,43
174233,University of Minnesota-Duluth,2013,26
174783,Saint Cloud State University,2013,25
176965,University of Central Missouri,2013,42
179566,Missouri State University-Springfield,2013,18
183080,Plymouth State University,2013,3
190549,CUNY Brooklyn College,2013,12
190558,College of Staten Island CUNY,2013,38
190567,CUNY City College,2013,60
190594,CUNY Hunter College,2013,32
190637,CUNY Lehman College,2013,29
190664,CUNY Queens College,2013,66
196246,SUNY College at Plattsburgh,2013,0
197869,Appalachian State University,2013,38
199157,North Carolina Central University,2013,5
199218,University of North Carolina Wilmington,2013,29
199281,University of North Carolina at Pembroke,2013,12
200004,Western Carolina University,2013,11
206695,Youngstown State University,2013,10
207263,Northeastern State University,2013,24
207865,Southwestern Oklahoma State University,2013,1
211158,Bloomsburg University of Pennsylvania,2013,14
217819,College of Charleston,2013,8
217864,Citadel Military College of South Carolina,2013,2
221740,The University of Tennessee-Chattanooga,2013,22
225414,University of Houston-Clear Lake,2013,116
229814,West Texas A & M University,2013,4
230603,Southern Utah University,2013,8
230782,Weber State University,2013,127
233277,Radford University,2013,47
234827,Central Washington University,2013,14
100724,Alabama State University,2013,9
115755,Humboldt State University,2013,9
127565,Metropolitan State University of Denver,2013,14
130934,Delaware State University,2013,8
139311,Clayton  State University,2013,6
139764,Georgia Southwestern State University,2013,21
144005,Chicago State University,2013,29
151342,Indiana University-South Bend,2013,17
151360,Indiana University-Northwest,2013,20
159416,Louisiana State University-Shreveport,2013,7
159966,Nicholls State University,2013,1
168263,Westfield State University,2013,10
174358,Minnesota State University Moorhead,2013,5
175078,Southwest Minnesota State University,2013,14
175272,Winona State University,2013,34
178615,Truman State University,2013,27
196200,SUNY College at Potsdam,2013,11
198543,Fayetteville State University,2013,21
199999,Winston-Salem State University,2013,11
206914,Cameron University,2013,6
221768,The University of Tennessee-Martin,2013,12
232566,Longwood University,2013,10
234155,Virginia State University,2013,18
240754,University of Guam,2013,5
243197,University of Puerto Rico-Mayaguez,2013,6
366711,California State University-San Marcos,2013,46
131399,University of the District of Columbia,2013,8
141565,University of Hawaii at Hilo,2013,8
162283,Coppin State University,2013,6
173124,Bemidji State University,2013,5
187967,New Mexico Institute of Mining and Technology,2013,21
198507,Elizabeth City State University,2013,10
230737,Utah Valley University,2013,26
231712,Christopher Newport University,2013,46
240277,University of Wisconsin-Green Bay,2013,14
243665,University of the Virgin Islands,2013,7
441937,California State University-Channel Islands,2013,30
180647,Salish Kootenai College,2013,0
219374,Sinte Gleska University,2013,1
118912,MiraCosta College,2012,4
122977,Santa Monica College,2012,4
121619,Santa Ana College,2012,5
247834,Collin County Community College District,2012,3
114716,Foothill College,2012,6
109819,Bakersfield College,2012,2
118976,Modesto Junior College,2012,14
204422,North Central State College,2012,23
229355,Tyler Junior College,2012,3
142559,College of Southern Idaho,2012,0
126289,Arapahoe Community College,2012,1
170620,Lake Michigan College,2012,0
182564,Western Nevada College,2012,3
230597,Snow College,2012,3
409315,South Texas College,2012,16
237686,West Virginia University at Parkersburg,2012,2
128328,United States Air Force Academy,2012,25
164155,United States Naval Academy,2012,27
174251,University of Minnesota-Morris,2012,11
199111,University of North Carolina at Asheville,2012,9
207722,University of Science and Arts of Oklahoma,2012,1
215284,University of Pittsburgh-Johnstown,2012,23
234085,Virginia Military Institute,2012,4
237899,West Virginia State University,2012,0
161226,University of Maine at Farmington,2012,4
161235,University of Maine at Fort Kent,2012,4
170639,Lake Superior State University,2012,6
180416,Montana Technological University,2012,3
190646,CUNY Medgar Evers College,2012,3
190655,CUNY New York City College of Technology,2012,24
190691,CUNY York College,2012,10
201690,Central State University,2012,8
214591,Pennsylvania State University-Penn State Erie-Behrend College,2012,6
215266,University of Pittsburgh-Bradford,2012,2
230931,Lyndon State College,2012,0
243115,University of Puerto Rico-Arecibo,2012,14
104151,Arizona State University-Tempe,2012,192
104179,University of Arizona,2012,116
110635,University of California-Berkeley,2012,159
110644,University of California-Davis,2012,119
110653,University of California-Irvine,2012,158
110662,University of California-Los Angeles,2012,230
110671,University of California-Riverside,2012,85
110680,University of California-San Diego,2012,278
110705,University of California-Santa Barbara,2012,136
110714,University of California-Santa Cruz,2012,84
126614,University of Colorado Boulder,2012,97
129020,University of Connecticut,2012,19
130943,University of Delaware,2012,4
139755,Georgia Institute of Technology-Main Campus,2012,30
139940,Georgia State University,2012,63
139959,University of Georgia,2012,67
141574,University of Hawaii at Manoa,2012,34
145600,University of Illinois at Chicago,2012,115
145637,University of Illinois at Urbana-Champaign,2012,309
153603,Iowa State University,2012,56
159391,Louisiana State University and Agricultural & Mechanical College,2012,41
166629,University of Massachusetts-Amherst,2012,112
174066,University of Minnesota-Twin Cities,2012,247
187985,University of New Mexico-Main Campus,2012,1
190576,CUNY Graduate School and University Center,2012,34
196088,University at Buffalo,2012,63
199120,University of North Carolina at Chapel Hill,2012,94
199193,North Carolina State University at Raleigh,2012,310
207500,University of Oklahoma-Norman Campus,2012,57
214777,Pennsylvania State University-Main Campus,2012,47
215293,University of Pittsburgh-Pittsburgh Campus,2012,65
221759,The University of Tennessee-Knoxville,2012,33
228723,Texas A & M University-College Station,2012,162
228769,The University of Texas at Arlington,2012,16
230764,University of Utah,2012,105
232186,George Mason University,2012,11
236939,Washington State University,2012,59
236948,University of Washington-Seattle Campus,2012,121
238032,West Virginia University,2012,59
243780,Purdue University-Main Campus,2012,88
102094,University of South Alabama,2012,9
102614,University of Alaska Fairbanks,2012,0
105330,Northern Arizona University,2012,22
119678,Naval Postgraduate School,2012,32
122409,San Diego State University,2012,179
142285,University of Idaho,2012,26
145813,Illinois State University,2012,23
147703,Northern Illinois University,2012,139
149222,Southern Illinois University-Carbondale,2012,61
159939,University of New Orleans,2012,30
160658,University of Louisiana at Lafayette,2012,67
161253,University of Maine,2012,12
163268,University of Maryland-Baltimore County,2012,114
166513,University of Massachusetts-Lowell,2012,73
166638,University of Massachusetts-Boston,2012,16
169248,Central Michigan University,2012,28
171128,Michigan Technological University,2012,54
172699,Western Michigan University,2012,47
178402,University of Missouri-Kansas City,2012,83
178411,Missouri University of Science and Technology,2012,2
178420,University of Missouri-St Louis,2012,28
180461,Montana State University,2012,26
182281,University of Nevada-Las Vegas,2012,45
182290,University of Nevada-Reno,2012,30
185828,New Jersey Institute of Technology,2012,4
196079,Binghamton University,2012,183
198464,East Carolina University,2012,33
199102,North Carolina A & T State University,2012,64
199139,University of North Carolina at Charlotte,2012,237
199148,University of North Carolina at Greensboro,2012,33
200280,University of North Dakota,2012,6
200332,North Dakota State University-Main Campus,2012,84
200800,University of Akron Main Campus,2012,61
203517,Kent State University at Kent,2012,55
204857,Ohio University-Main Campus,2012,26
209807,Portland State University,2012,99
220862,University of Memphis,2012,36
228796,The University of Texas at El Paso,2012,1
229027,The University of Texas at San Antonio,2012,3
231174,University of Vermont,2012,34
240727,University of Wyoming,2012,24
243221,University of Puerto Rico-Rio Piedras,2012,12
110556,California State University-Fresno,2012,30
110565,California State University-Fullerton,2012,109
122597,San Francisco State University,2012,56
139931,Georgia Southern University,2012,4
141334,University of West Georgia,2012,5
142115,Boise State University,2012,31
159647,Louisiana Tech University,2012,29
159993,University of Louisiana at Monroe,2012,6
169798,Eastern Michigan University,2012,21
181394,University of Nebraska at Omaha,2012,52
184782,Rowan University,2012,4
200697,Air Force Institute of Technology-Graduate School of Engineering & Management,2012,9
220978,Middle Tennessee State University,2012,46
221838,Tennessee State University,2012,11
221847,Tennessee Technological University,2012,44
226091,Lamar University,2012,18
227368,The University of Texas Rio Grande Valley,2012,27
229063,Texas Southern University,2012,3
106704,University of Central Arkansas,2012,10
110422,California Polytechnic State University-San Luis Obispo,2012,85
110486,California State University-Bakersfield,2012,25
110495,California State University-Stanislaus,2012,15
110510,California State University-San Bernardino,2012,26
110529,California State Polytechnic University-Pomona,2012,104
110538,California State University-Chico,2012,40
110547,California State University-Dominguez Hills,2012,12
110574,California State University-East Bay,2012,140
110583,California State University-Long Beach,2012,130
110592,California State University-Los Angeles,2012,56
110608,California State University-Northridge,2012,62
110617,California State University-Sacramento,2012,76
122755,San Jose State University,2012,139
123572,Sonoma State University,2012,25
126580,University of Colorado Colorado Springs,2012,42
145336,Governors State University,2012,26
147776,Northeastern Illinois University,2012,86
148654,University of Illinois at Springfield,2012,174
149231,Southern Illinois University-Edwardsville,2012,41
151306,University of Southern Indiana,2012,8
152248,Purdue University-Calumet Campus,2012,0
154095,University of Northern Iowa,2012,46
156620,Eastern Kentucky University,2012,18
157401,Murray State University,2012,15
157447,Northern Kentucky University,2012,4
159009,Grambling State University,2012,9
159717,McNeese State University,2012,15
160612,Southeastern Louisiana University,2012,25
160621,Southern University and A & M College,2012,42
161554,University of Southern Maine,2012,9
162584,Frostburg State University,2012,21
165024,Bridgewater State University,2012,30
165820,Fitchburg State University,2012,36
167729,Salem State University,2012,13
171146,University of Michigan-Flint,2012,15
173920,Minnesota State University-Mankato,2012,6
174020,Metropolitan State University,2012,34
174233,University of Minnesota-Duluth,2012,36
174783,Saint Cloud State University,2012,28
176965,University of Central Missouri,2012,25
179566,Missouri State University-Springfield,2012,21
183080,Plymouth State University,2012,3
190549,CUNY Brooklyn College,2012,9
190558,College of Staten Island CUNY,2012,39
190567,CUNY City College,2012,52
190594,CUNY Hunter College,2012,30
190637,CUNY Lehman College,2012,22
190664,CUNY Queens College,2012,68
196246,SUNY College at Plattsburgh,2012,8
197869,Appalachian State University,2012,30
199157,North Carolina Central University,2012,5
199218,University of North Carolina Wilmington,2012,31
199281,University of North Carolina at Pembroke,2012,11
200004,Western Carolina University,2012,11
206695,Youngstown State University,2012,10
207263,Northeastern State University,2012,20
207865,Southwestern Oklahoma State University,2012,4
211158,Bloomsburg University of Pennsylvania,2012,13
217819,College of Charleston,2012,7
217864,Citadel Military College of South Carolina,2012,3
221740,The University of Tennessee-Chattanooga,2012,16
225414,University of Houston-Clear Lake,2012,105
229814,West Texas A & M University,2012,6
230603,Southern Utah University,2012,7
230782,Weber State University,2012,107
233277,Radford University,2012,55
234827,Central Washington University,2012,31
100724,Alabama State University,2012,7
115755,Humboldt State University,2012,6
127565,Metropolitan State University of Denver,2012,21
130934,Delaware State University,2012,7
139764,Georgia Southwestern State University,2012,11
144005,Chicago State University,2012,5
159416,Louisiana State University-Shreveport,2012,12
160630,Southern University at New Orleans,2012,1
168263,Westfield State University,2012,7
174358,Minnesota State University Moorhead,2012,10
175078,Southwest Minnesota State University,2012,11
175272,Winona State University,2012,37
178615,Truman State University,2012,27
196200,SUNY College at Potsdam,2012,2
198543,Fayetteville State University,2012,15
199999,Winston-Salem State University,2012,19
206914,Cameron University,2012,14
213613,Lock Haven University,2012,1
221768,The University of Tennessee-Martin,2012,7
232566,Longwood University,2012,9
234155,Virginia State University,2012,8
240754,University of Guam,2012,9
243197,University of Puerto Rico-Mayaguez,2012,14
366711,California State University-San Marcos,2012,35
131399,University of the District of Columbia,2012,8
141565,University of Hawaii at Hilo,2012,9
162283,Coppin State University,2012,3
173124,Bemidji State University,2012,8
187967,New Mexico Institute of Mining and Technology,2012,17
198507,Elizabeth City State University,2012,10
230737,Utah Valley University,2012,21
231712,Christopher Newport University,2012,41
240277,University of Wisconsin-Green Bay,2012,17
243665,University of the Virgin Islands,2012,13
441937,California State University-Channel Islands,2012,29
180647,Salish Kootenai College,2012,18
219374,Sinte Gleska University,2012,0
